id,first_name,last_name,email,country,ip_address
1,Nancy,Johnson,njohnson0@amazon.com,Japan,195.13.40.240
2,Jeffrey,Thomas,jthomas1@walmart.com,Russia,106.123.16.36
3,Patricia,Crawford,pcrawford2@jigsy.com,China,65.243.19.84
4,Harry,Smith,hsmith3@flickr.com,Palestinian Territory,51.113.32.101
5,David,Reed,dreed4@shareasale.com,Poland,184.21.131.82
6,Clarence,Hudson,chudson5@tumblr.com,Russia,178.50.133.122
7,Tina,West,twest6@arstechnica.com,Somalia,84.231.216.154
8,Walter,Henderson,whenderson7@baidu.com,Palestinian Territory,122.49.59.156
9,Ruby,Cunningham,rcunningham8@ftc.gov,Russia,196.65.228.160
10,Ronald,Howell,rhowell9@un.org,Poland,226.129.35.98
11,Doris,Murphy,dmurphya@umn.edu,Greece,29.238.195.34
12,Ashley,Hall,ahallb@msn.com,Switzerland,57.223.17.69
13,Jane,Henry,jhenryc@pen.io,Czech Republic,73.20.67.81
14,Terry,Day,tdayd@facebook.com,Latvia,65.211.179.122
15,Shawn,Bell,sbelle@mozilla.org,Portugal,90.254.160.62
16,Rebecca,Morrison,rmorrisonf@arstechnica.com,Chile,246.86.75.34
17,Alan,Andrews,aandrewsg@hud.gov,Czech Republic,191.73.173.105
18,Chris,Meyer,cmeyerh@ed.gov,Peru,110.166.85.42
19,Randy,Hunt,rhunti@samsung.com,Mexico,126.127.42.22
20,Laura,Lynch,llynchj@vkontakte.ru,China,217.63.160.100
21,Karen,Snyder,ksnyderk@webnode.com,Russia,41.62.157.147
22,Larry,Flores,lfloresl@cocolog-nifty.com,Russia,30.88.186.175
23,Tina,Henderson,thendersonm@biglobe.ne.jp,France,241.52.164.201
24,Ruth,Anderson,randersonn@shop-pro.jp,China,84.68.8.204
25,Louise,Lawson,llawsono@utexas.edu,Brazil,228.76.70.61
26,Justin,Robinson,jrobinsonp@state.tx.us,China,3.244.120.245
27,Marie,Stewart,mstewartq@artisteer.com,China,198.254.53.130
28,Rachel,Ward,rwardr@apache.org,Portugal,27.244.94.42
29,Jeffrey,Palmer,jpalmers@telegraph.co.uk,Ukraine,8.40.209.187
30,Fred,Woods,fwoodst@wikimedia.org,China,214.226.20.199
31,Johnny,Hernandez,jhernandezu@slate.com,Sweden,85.180.152.123
32,Billy,Garrett,bgarrettv@histats.com,Nigeria,193.93.102.217
33,Steve,Cook,scookw@harvard.edu,Indonesia,251.137.184.91
34,Martin,Lopez,mlopezx@cornell.edu,Angola,159.251.92.136
35,Todd,Carter,tcartery@opera.com,China,243.10.77.225
36,Louis,Porter,lporterz@ask.com,Philippines,192.232.18.228
37,Sandra,Jackson,sjackson10@github.com,Philippines,249.119.108.130
38,Victor,Daniels,vdaniels11@1und1.de,Poland,25.72.99.160
39,Theresa,Mason,tmason12@multiply.com,Malaysia,172.59.16.59
40,Diane,Owens,dowens13@miitbeian.gov.cn,China,27.143.142.193
41,Charles,Warren,cwarren14@scientificamerican.com,Brazil,201.143.108.223
42,Beverly,Armstrong,barmstrong15@facebook.com,China,7.186.122.221
43,Gerald,Duncan,gduncan16@altervista.org,Mexico,101.113.152.222
44,Randy,Gibson,rgibson17@yahoo.co.jp,Peru,178.240.102.111
45,Melissa,Fowler,mfowler18@uol.com.br,Ecuador,136.141.60.156
46,Victor,Moore,vmoore19@dailymail.co.uk,United States,80.16.200.19
47,Nancy,Gonzales,ngonzales1a@live.com,China,138.54.241.66
48,Timothy,Gardner,tgardner1b@answers.com,Serbia,173.18.188.182
49,Nancy,Jones,njones1c@earthlink.net,United States,244.175.162.92
50,Janet,Chavez,jchavez1d@hexun.com,Myanmar,145.203.233.79
51,Clarence,Gibson,cgibson1e@upenn.edu,China,136.150.97.187
52,John,Cruz,jcruz1f@hud.gov,South Africa,139.214.189.207
53,Carlos,Lopez,clopez1g@360.cn,China,164.0.63.190
54,Melissa,Hughes,mhughes1h@yellowbook.com,Indonesia,101.43.98.87
55,Frank,Olson,folson1i@hp.com,Indonesia,62.255.161.82
56,Teresa,Alvarez,talvarez1j@feedburner.com,Poland,86.160.51.200
57,Shirley,Butler,sbutler1k@qq.com,Brazil,87.81.182.114
58,Robert,Meyer,rmeyer1l@imdb.com,Mexico,52.195.196.95
59,Wayne,Burns,wburns1m@netvibes.com,France,184.171.103.110
60,Jimmy,Dixon,jdixon1n@list-manage.com,Indonesia,233.215.217.25
61,Phillip,Olson,polson1o@163.com,Finland,237.176.141.24
62,Elizabeth,Wallace,ewallace1p@360.cn,Poland,22.103.101.56
63,Daniel,Burton,dburton1q@bizjournals.com,Indonesia,190.177.86.210
64,Timothy,Webb,twebb1r@bizjournals.com,Indonesia,124.6.227.92
65,Ralph,Dixon,rdixon1s@smh.com.au,Iran,197.152.103.229
66,Teresa,Thomas,tthomas1t@aboutads.info,China,206.124.158.106
67,Walter,Harvey,wharvey1u@goo.gl,Poland,244.237.197.84
68,John,Ross,jross1v@seesaa.net,Ireland,23.19.159.70
69,Teresa,Woods,twoods1w@aboutads.info,China,182.125.88.33
70,Stephanie,Griffin,sgriffin1x@scientificamerican.com,Costa Rica,177.225.102.138
71,Carlos,Rice,crice1y@youtube.com,Nigeria,161.16.6.43
72,Marie,Adams,madams1z@tamu.edu,Peru,248.94.220.63
73,Linda,Carter,lcarter20@chicagotribune.com,China,68.194.234.114
74,James,Campbell,jcampbell21@soup.io,Croatia,12.140.21.174
75,Janice,Stanley,jstanley22@wikipedia.org,Ecuador,159.106.191.248
76,Angela,Martinez,amartinez23@nsw.gov.au,Kazakhstan,57.131.167.159
77,Joshua,Edwards,jedwards24@yandex.ru,United States,63.65.22.90
78,Sean,Romero,sromero25@yellowbook.com,Greece,199.211.79.222
79,Timothy,Weaver,tweaver26@shinystat.com,Croatia,34.25.14.215
80,Robin,Shaw,rshaw27@mozilla.org,China,114.246.176.73
81,Tina,Harvey,tharvey28@phpbb.com,Norway,138.207.121.252
82,Diane,Burke,dburke29@edublogs.org,China,249.65.105.44
83,Terry,Carter,tcarter2a@salon.com,Brazil,140.122.75.49
84,Ralph,Henry,rhenry2b@tmall.com,China,61.187.2.107
85,Stephen,Mendoza,smendoza2c@independent.co.uk,Sweden,90.47.40.163
86,Margaret,Fernandez,mfernandez2d@stumbleupon.com,Indonesia,108.55.28.99
87,Willie,Stevens,wstevens2e@cbsnews.com,Sudan,142.181.186.156
88,Evelyn,Rose,erose2f@yellowpages.com,Ukraine,117.27.65.207
89,David,Torres,dtorres2g@prnewswire.com,Japan,88.76.9.69
90,Justin,Holmes,jholmes2h@cbsnews.com,South Korea,251.2.134.92
91,Wayne,Reid,wreid2i@washington.edu,China,145.179.219.226
92,Julia,Bowman,jbowman2j@chron.com,Nigeria,222.131.169.240
93,Patricia,James,pjames2k@issuu.com,Mongolia,198.142.69.248
94,Linda,Edwards,ledwards2l@geocities.jp,Philippines,213.236.15.178
95,Russell,Morgan,rmorgan2m@google.nl,Philippines,149.180.18.9
96,Tina,Bradley,tbradley2n@walmart.com,Angola,147.119.247.22
97,Stephanie,Thomas,sthomas2o@walmart.com,South Korea,106.202.58.118
98,Walter,Arnold,warnold2p@unc.edu,Vietnam,17.14.227.122
99,Marie,Wagner,mwagner2q@topsy.com,Indonesia,66.214.149.253
100,Patrick,Garza,pgarza2r@istockphoto.com,Guatemala,216.72.202.217
101,Catherine,Jordan,cjordan2s@hhs.gov,Brazil,237.102.108.184
102,Daniel,Morales,dmorales2t@yolasite.com,Israel,28.119.147.133
103,Lawrence,Watson,lwatson2u@aboutads.info,Philippines,228.133.121.59
104,Cheryl,Cole,ccole2v@harvard.edu,Guatemala,147.230.243.199
105,Dorothy,Bowman,dbowman2w@google.co.uk,France,245.204.72.154
106,Alice,Garza,agarza2x@discovery.com,Russia,38.58.226.197
107,Martin,Hughes,mhughes2y@cnet.com,Zambia,196.79.31.184
108,Alan,Mills,amills2z@census.gov,China,120.143.31.50
109,Jacqueline,Welch,jwelch30@redcross.org,Dominican Republic,90.62.192.201
110,Lori,Black,lblack31@imdb.com,Argentina,95.177.188.41
111,James,Dunn,jdunn32@cyberchimps.com,Russia,5.12.252.29
112,Dennis,Nguyen,dnguyen33@miitbeian.gov.cn,Mexico,128.254.120.244
113,Ernest,Hart,ehart34@hostgator.com,China,208.128.68.204
114,Cheryl,Parker,cparker35@creativecommons.org,Bolivia,36.39.58.228
115,Jessica,Harrison,jharrison36@pcworld.com,Poland,8.80.255.25
116,Anthony,Long,along37@is.gd,Tunisia,237.7.41.72
117,Judith,Watkins,jwatkins38@bluehost.com,Guatemala,92.65.46.229
118,David,Russell,drussell39@discuz.net,Philippines,151.41.61.212
119,Janice,Ford,jford3a@springer.com,Norway,23.29.209.226
120,Lawrence,Williamson,lwilliamson3b@nsw.gov.au,Somalia,54.214.45.118
121,Evelyn,Murray,emurray3c@mysql.com,Philippines,212.175.195.202
122,Theresa,Berry,tberry3d@sciencedirect.com,China,229.184.64.149
123,Kenneth,Welch,kwelch3e@biblegateway.com,China,180.109.34.12
124,Alice,Wagner,awagner3f@newsvine.com,China,208.23.45.97
125,Roger,Roberts,rroberts3g@netvibes.com,Thailand,74.38.140.129
126,Steven,Alexander,salexander3h@miitbeian.gov.cn,China,239.211.43.104
127,Daniel,Burton,dburton3i@abc.net.au,China,143.2.127.178
128,Christopher,Campbell,ccampbell3j@posterous.com,Kosovo,177.76.20.19
129,Jonathan,Perry,jperry3k@zdnet.com,China,54.252.195.225
130,Jason,Fields,jfields3l@wufoo.com,Argentina,15.40.15.78
131,Anne,Stephens,astephens3m@live.com,Indonesia,217.46.71.103
132,Ruth,Hughes,rhughes3n@foxnews.com,France,59.92.20.94
133,Diane,Carpenter,dcarpenter3o@statcounter.com,Vietnam,78.125.53.52
134,Rachel,Riley,rriley3p@upenn.edu,Russia,148.226.25.44
135,Frank,Holmes,fholmes3q@ow.ly,Syria,127.223.34.215
136,Ann,Russell,arussell3r@paginegialle.it,Thailand,14.32.248.225
137,Gloria,Payne,gpayne3s@parallels.com,Denmark,66.251.174.57
138,Wanda,Nelson,wnelson3t@oaic.gov.au,Indonesia,135.32.107.188
139,Clarence,Ford,cford3u@bloomberg.com,China,223.240.193.95
140,Elizabeth,Lewis,elewis3v@fda.gov,Peru,27.158.73.133
141,Lillian,Gomez,lgomez3w@jigsy.com,Japan,138.248.140.136
142,Eric,Martinez,emartinez3x@geocities.com,United States,233.225.232.239
143,Sean,Smith,ssmith3y@ibm.com,China,159.86.83.53
144,Keith,Rogers,krogers3z@cornell.edu,Portugal,222.199.158.53
145,Judith,Mason,jmason40@cisco.com,France,35.178.201.197
146,Diana,Carpenter,dcarpenter41@eventbrite.com,China,21.226.86.246
147,Eric,Flores,eflores42@wired.com,China,144.42.115.93
148,Wanda,Butler,wbutler43@nih.gov,United States,228.119.143.62
149,Mark,Moore,mmoore44@indiegogo.com,Russia,55.215.13.107
150,Irene,Rivera,irivera45@huffingtonpost.com,South Africa,99.71.80.38
151,Clarence,Spencer,cspencer46@shop-pro.jp,China,166.131.213.237
152,Margaret,Hughes,mhughes47@yellowbook.com,Pakistan,218.182.105.170
153,Melissa,Kim,mkim48@sakura.ne.jp,China,42.96.127.36
154,Eugene,Nichols,enichols49@ihg.com,Canada,254.75.60.224
155,Michelle,Hughes,mhughes4a@altervista.org,United States,249.234.58.124
156,Bonnie,Fields,bfields4b@lulu.com,Indonesia,127.176.202.194
157,Julie,Lane,jlane4c@paypal.com,Macedonia,212.245.238.0
158,Larry,Perez,lperez4d@dedecms.com,Norway,178.215.201.193
159,Ruby,Mitchell,rmitchell4e@reuters.com,Russia,198.39.210.200
160,Margaret,Castillo,mcastillo4f@barnesandnoble.com,Indonesia,250.175.166.130
161,Brandon,Murphy,bmurphy4g@toplist.cz,Brazil,29.163.83.22
162,Jessica,White,jwhite4h@kickstarter.com,Brazil,33.5.166.39
163,Matthew,Miller,mmiller4i@deviantart.com,Finland,64.166.105.165
164,Barbara,Simmons,bsimmons4j@dot.gov,China,135.3.167.45
165,Adam,Richardson,arichardson4k@xrea.com,Guatemala,230.197.137.143
166,Terry,Myers,tmyers4l@toplist.cz,Poland,81.159.145.59
167,Lawrence,Allen,lallen4m@chron.com,China,96.121.97.58
168,Susan,Parker,sparker4n@dagondesign.com,Russia,199.225.101.238
169,Emily,Kennedy,ekennedy4o@sciencedirect.com,Brazil,3.47.17.15
170,Jonathan,Austin,jaustin4p@berkeley.edu,China,144.96.157.35
171,Ralph,Weaver,rweaver4q@aol.com,China,203.252.107.217
172,Andrea,Bowman,abowman4r@princeton.edu,Chile,131.86.241.76
173,Janice,Berry,jberry4s@over-blog.com,Czech Republic,15.95.79.195
174,Martin,Fowler,mfowler4t@jalbum.net,China,218.43.159.133
175,Doris,Willis,dwillis4u@odnoklassniki.ru,Finland,62.145.215.193
176,Albert,Dean,adean4v@globo.com,Indonesia,228.89.241.136
177,Gary,Wood,gwood4w@opera.com,Denmark,182.57.236.81
178,Larry,Thompson,lthompson4x@umn.edu,Greece,45.94.118.225
179,Marie,Richardson,mrichardson4y@1688.com,Brazil,56.57.220.127
180,Thomas,Fuller,tfuller4z@bing.com,United States,43.225.201.154
181,Andrea,Evans,aevans50@ask.com,Sweden,91.203.228.143
182,Amy,Phillips,aphillips51@bloomberg.com,Sweden,15.77.160.217
183,Melissa,Russell,mrussell52@narod.ru,Indonesia,27.192.245.231
184,Sara,Carter,scarter53@dot.gov,Ukraine,24.9.76.121
185,Juan,Bennett,jbennett54@imageshack.us,Finland,136.105.35.64
186,Samuel,Taylor,staylor55@homestead.com,Vietnam,99.178.46.20
187,Harold,Reynolds,hreynolds56@photobucket.com,Dominican Republic,215.80.104.33
188,Joseph,Adams,jadams57@php.net,France,102.142.149.5
189,Stephen,Powell,spowell58@typepad.com,China,62.83.201.174
190,Lori,Murray,lmurray59@ifeng.com,China,76.252.121.207
191,Stephen,Russell,srussell5a@samsung.com,China,85.188.44.246
192,Edward,Hawkins,ehawkins5b@booking.com,France,247.48.29.152
193,Martha,Weaver,mweaver5c@tripadvisor.com,Thailand,173.11.190.25
194,Harold,Baker,hbaker5d@moonfruit.com,Indonesia,21.43.249.51
195,Judith,Chavez,jchavez5e@cocolog-nifty.com,Brazil,158.96.239.237
196,Christopher,Palmer,cpalmer5f@altervista.org,China,247.95.93.53
197,Diana,Jackson,djackson5g@aboutads.info,Mexico,70.240.146.15
198,Frances,Perez,fperez5h@dailymotion.com,Indonesia,230.158.177.101
199,Joe,Carr,jcarr5i@goo.ne.jp,France,197.244.196.153
200,Lori,Rogers,lrogers5j@discuz.net,China,126.179.29.34
201,Randy,Burton,rburton5k@creativecommons.org,Philippines,130.95.124.100
202,Frances,Richardson,frichardson5l@youku.com,Macedonia,64.103.178.130
203,Pamela,Pierce,ppierce5m@facebook.com,Russia,179.238.232.243
204,Lawrence,Wood,lwood5n@infoseek.co.jp,Mexico,196.49.91.215
205,Daniel,Mendoza,dmendoza5o@sourceforge.net,Denmark,196.74.6.160
206,Lois,Brooks,lbrooks5p@google.ru,United States,199.213.169.20
207,Harold,Pierce,hpierce5q@adobe.com,Colombia,86.249.123.50
208,Judy,Chapman,jchapman5r@woothemes.com,Norway,251.247.160.214
209,Chris,Miller,cmiller5s@google.nl,Libya,99.55.158.164
210,Alan,Ruiz,aruiz5t@last.fm,Colombia,225.30.134.38
211,Patrick,Morgan,pmorgan5u@psu.edu,Ukraine,219.96.80.208
212,Cheryl,Williamson,cwilliamson5v@seattletimes.com,Indonesia,181.53.188.249
213,Gerald,Shaw,gshaw5w@histats.com,Morocco,31.139.216.179
214,Betty,Sanchez,bsanchez5x@slideshare.net,Albania,253.146.135.81
215,Phillip,Moore,pmoore5y@independent.co.uk,Indonesia,101.162.89.35
216,Rebecca,Brown,rbrown5z@sfgate.com,Czech Republic,25.169.176.137
217,Pamela,Morrison,pmorrison60@smh.com.au,Peru,90.220.34.62
218,Gloria,Stanley,gstanley61@artisteer.com,Philippines,172.83.137.101
219,Thomas,Sims,tsims62@1und1.de,France,82.178.168.211
220,Clarence,Rogers,crogers63@addtoany.com,Nigeria,146.52.230.50
221,Dorothy,Peterson,dpeterson64@nsw.gov.au,China,246.124.41.76
222,Gloria,Morales,gmorales65@epa.gov,China,72.79.248.254
223,Eugene,Bennett,ebennett66@ehow.com,Bangladesh,201.180.233.34
224,Michael,Sanders,msanders67@over-blog.com,Sweden,44.180.229.99
225,Johnny,Washington,jwashington68@biglobe.ne.jp,Sweden,96.230.23.129
226,Carl,George,cgeorge69@jigsy.com,France,253.23.9.139
227,Edward,Bryant,ebryant6a@livejournal.com,Indonesia,165.201.171.15
228,Brandon,Diaz,bdiaz6b@mysql.com,Indonesia,119.197.170.224
229,Fred,Banks,fbanks6c@economist.com,Peru,237.134.181.154
230,Diana,Duncan,dduncan6d@marriott.com,Poland,128.254.242.27
231,Joyce,Hall,jhall6e@linkedin.com,Portugal,253.135.34.229
232,Roger,Alexander,ralexander6f@biblegateway.com,Indonesia,204.172.73.143
233,Willie,Russell,wrussell6g@dell.com,China,231.38.23.148
234,Lillian,Gonzalez,lgonzalez6h@si.edu,Russia,146.229.13.249
235,Theresa,Watkins,twatkins6i@earthlink.net,Indonesia,126.123.119.76
236,Diana,King,dking6j@unesco.org,Philippines,162.160.232.242
237,William,Allen,wallen6k@smh.com.au,China,129.103.6.128
238,John,Ford,jford6l@vistaprint.com,China,182.177.86.131
239,Lillian,Perkins,lperkins6m@elpais.com,Haiti,200.251.76.147
240,Robin,Hunter,rhunter6n@google.ru,Thailand,223.24.218.88
241,Louis,Payne,lpayne6o@shinystat.com,Poland,28.227.207.210
242,Jose,Gutierrez,jgutierrez6p@photobucket.com,China,172.181.39.113
243,Donald,Wright,dwright6q@theguardian.com,North Korea,26.50.243.139
244,Heather,Warren,hwarren6r@theatlantic.com,Bulgaria,251.225.243.155
245,Ruth,Hansen,rhansen6s@discuz.net,Indonesia,236.16.223.222
246,Shawn,Snyder,ssnyder6t@theatlantic.com,Madagascar,41.121.49.132
247,Jean,Woods,jwoods6u@omniture.com,China,48.62.114.113
248,Kathy,Medina,kmedina6v@networkadvertising.org,Russia,160.141.187.87
249,Nancy,Hill,nhill6w@typepad.com,Spain,112.81.122.201
250,Steve,Jenkins,sjenkins6x@state.tx.us,North Korea,76.78.21.242
251,Gloria,Thomas,gthomas6y@archive.org,Sweden,119.96.134.242
252,Lois,Mills,lmills6z@163.com,Indonesia,213.16.130.27
253,Angela,Bowman,abowman70@ning.com,China,92.125.239.182
254,Daniel,Hawkins,dhawkins71@noaa.gov,France,84.30.225.238
255,Adam,Dunn,adunn72@telegraph.co.uk,Russia,104.245.94.162
256,Phillip,Day,pday73@sogou.com,China,168.35.206.247
257,Joe,Garza,jgarza74@phoca.cz,Sweden,209.143.72.156
258,Karen,Kennedy,kkennedy75@pen.io,China,13.46.187.212
259,Phillip,Boyd,pboyd76@auda.org.au,Mozambique,14.111.39.201
260,Kathryn,Gomez,kgomez77@ibm.com,Indonesia,162.47.148.233
261,Richard,Lawson,rlawson78@parallels.com,China,53.174.70.244
262,Marie,Crawford,mcrawford79@ox.ac.uk,China,27.167.45.216
263,Rose,Freeman,rfreeman7a@nytimes.com,China,135.69.59.164
264,Kevin,Foster,kfoster7b@columbia.edu,China,254.41.38.97
265,Janet,Mitchell,jmitchell7c@youtube.com,Greece,80.131.36.39
266,Donna,Chapman,dchapman7d@uol.com.br,Indonesia,56.255.58.216
267,Henry,Robertson,hrobertson7e@gravatar.com,China,254.174.180.250
268,Carl,Jordan,cjordan7f@cisco.com,China,226.167.222.184
269,Nicole,Washington,nwashington7g@jigsy.com,China,64.13.65.44
270,Howard,Stewart,hstewart7h@wikia.com,China,111.106.174.101
271,Justin,Black,jblack7i@tripadvisor.com,Croatia,240.220.241.8
272,Harry,Harvey,hharvey7j@fc2.com,Poland,104.0.103.53
273,Helen,Dixon,hdixon7k@shutterfly.com,Finland,204.208.142.184
274,Ruby,Larson,rlarson7l@ustream.tv,Belgium,11.242.244.182
275,Heather,Morris,hmorris7m@yellowpages.com,Poland,158.223.1.10
276,Laura,Matthews,lmatthews7n@miibeian.gov.cn,China,137.238.246.176
277,Janice,Olson,jolson7o@google.com,Indonesia,45.165.173.219
278,Anthony,Hall,ahall7p@boston.com,China,246.10.84.0
279,Arthur,Ellis,aellis7q@intel.com,China,47.49.82.33
280,Helen,White,hwhite7r@ocn.ne.jp,Indonesia,112.88.162.103
281,Matthew,Hunt,mhunt7s@vinaora.com,China,36.63.144.240
282,Rachel,Gray,rgray7t@blogtalkradio.com,China,104.221.176.14
283,Joshua,Bennett,jbennett7u@live.com,Pakistan,8.154.177.148
284,Janice,Turner,jturner7v@foxnews.com,China,234.61.88.108
285,David,Stewart,dstewart7w@canalblog.com,Indonesia,201.28.248.47
286,Donna,Marshall,dmarshall7x@forbes.com,Indonesia,57.232.190.46
287,Kevin,Thomas,kthomas7y@wix.com,United States,227.254.186.117
288,Doris,Fowler,dfowler7z@amazonaws.com,Poland,92.155.40.0
289,Samuel,Snyder,ssnyder80@cpanel.net,Russia,183.77.101.23
290,Andrea,Stone,astone81@ucoz.com,China,77.157.158.220
291,Aaron,Hall,ahall82@typepad.com,Sweden,93.52.141.172
292,Louis,Fields,lfields83@forbes.com,Poland,17.228.139.223
293,Arthur,Larson,alarson84@ca.gov,Poland,135.92.23.206
294,Joe,Kim,jkim85@msn.com,Russia,243.17.166.197
295,Walter,Adams,wadams86@shop-pro.jp,China,0.30.240.44
296,Marie,Burke,mburke87@fc2.com,France,94.252.178.45
297,Roy,Gonzales,rgonzales88@exblog.jp,China,97.45.52.212
298,Douglas,Stephens,dstephens89@google.com,Myanmar,211.4.230.217
299,Brenda,Miller,bmiller8a@theatlantic.com,South Korea,231.39.158.203
300,Ronald,Hamilton,rhamilton8b@dmoz.org,Thailand,113.90.27.190
301,Gary,Burns,gburns8c@adobe.com,Japan,159.51.219.82
302,Rose,Bennett,rbennett8d@opera.com,Pakistan,178.50.115.239
303,Richard,Garrett,rgarrett8e@irs.gov,Sweden,235.135.30.38
304,Michael,Schmidt,mschmidt8f@miitbeian.gov.cn,Poland,190.10.47.167
305,Angela,Alvarez,aalvarez8g@wikispaces.com,Slovenia,177.9.130.160
306,Marie,Little,mlittle8h@wp.com,Poland,122.147.4.61
307,Russell,Hunter,rhunter8i@google.com.au,Poland,30.91.153.171
308,David,Sims,dsims8j@archive.org,Indonesia,250.145.47.199
309,Matthew,Sanchez,msanchez8k@nature.com,Syria,139.170.105.223
310,Debra,Stanley,dstanley8l@g.co,Botswana,3.53.152.23
311,Eugene,Hayes,ehayes8m@yolasite.com,Taiwan,135.99.86.63
312,Roy,Carroll,rcarroll8n@ucsd.edu,United States,80.158.53.163
313,Anthony,Gibson,agibson8o@webnode.com,Czech Republic,134.182.219.12
314,John,White,jwhite8p@cnbc.com,Czech Republic,1.202.252.83
315,Kelly,Hicks,khicks8q@guardian.co.uk,Argentina,75.195.66.174
316,Evelyn,Hawkins,ehawkins8r@army.mil,China,243.236.13.11
317,Margaret,Phillips,mphillips8s@japanpost.jp,China,216.73.206.13
318,Carolyn,Grant,cgrant8t@census.gov,Russia,98.251.160.60
319,Jane,Nguyen,jnguyen8u@amazon.co.uk,Poland,212.120.139.75
320,Gregory,Evans,gevans8v@si.edu,China,245.85.130.137
321,Russell,Murray,rmurray8w@jimdo.com,Philippines,77.248.22.16
322,John,Hernandez,jhernandez8x@linkedin.com,Netherlands,2.101.236.139
323,Louis,Hunt,lhunt8y@youtu.be,Indonesia,98.208.207.51
324,Donna,Murphy,dmurphy8z@hubpages.com,Indonesia,237.177.48.114
325,Cynthia,Porter,cporter90@google.com,Sweden,45.10.157.119
326,Craig,Rivera,crivera91@chron.com,Austria,189.163.153.81
327,Christine,Hawkins,chawkins92@usda.gov,France,218.255.134.52
328,Joshua,Schmidt,jschmidt93@addtoany.com,Austria,166.196.110.100
329,Ann,Wilson,awilson94@angelfire.com,Japan,54.26.80.30
330,Harold,Spencer,hspencer95@craigslist.org,China,27.1.46.134
331,Barbara,Gutierrez,bgutierrez96@ted.com,Tunisia,136.210.222.131
332,Carl,Nichols,cnichols97@fotki.com,Yemen,143.239.175.213
333,Jean,Reid,jreid98@acquirethisname.com,China,194.184.203.235
334,Adam,Carter,acarter99@ftc.gov,Italy,41.198.9.214
335,Sarah,Rose,srose9a@ucoz.ru,Norway,197.179.69.122
336,Annie,Bradley,abradley9b@geocities.jp,Greece,193.85.71.73
337,Aaron,Wheeler,awheeler9c@aboutads.info,Poland,144.90.27.181
338,Timothy,Carpenter,tcarpenter9d@baidu.com,Indonesia,69.92.156.255
339,Willie,Chapman,wchapman9e@yale.edu,Philippines,180.63.155.187
340,Doris,Fernandez,dfernandez9f@163.com,Russia,138.249.127.39
341,Thomas,Evans,tevans9g@ask.com,China,251.73.247.17
342,Rachel,Ross,rross9h@geocities.com,China,14.165.62.161
343,Juan,Gibson,jgibson9i@symantec.com,Brazil,203.14.240.77
344,Edward,Scott,escott9j@fotki.com,China,72.229.199.119
345,Christopher,Wright,cwright9k@netscape.com,Greece,61.182.121.107
346,Linda,Carter,lcarter9l@nsw.gov.au,Argentina,9.160.43.156
347,Barbara,Rogers,brogers9m@theatlantic.com,Poland,89.177.184.228
348,Lori,Phillips,lphillips9n@rambler.ru,China,215.54.19.153
349,Douglas,Ferguson,dferguson9o@cisco.com,Portugal,107.49.41.113
350,Earl,Jordan,ejordan9p@columbia.edu,Madagascar,166.112.227.38
351,Marie,Graham,mgraham9q@google.ru,Benin,175.220.173.95
352,Jacqueline,Evans,jevans9r@sogou.com,Russia,103.246.171.65
353,Philip,Morrison,pmorrison9s@webmd.com,Japan,203.207.128.59
354,Ernest,Arnold,earnold9t@edublogs.org,Finland,104.136.85.74
355,Jonathan,Romero,jromero9u@marketwatch.com,Indonesia,53.183.125.63
356,Patrick,Green,pgreen9v@gravatar.com,Iran,84.128.210.48
357,Mary,Gomez,mgomez9w@yolasite.com,China,10.197.185.250
358,Robert,Flores,rflores9x@berkeley.edu,Iran,16.22.243.100
359,Edward,Armstrong,earmstrong9y@sourceforge.net,China,18.11.144.10
360,Rose,Johnson,rjohnson9z@naver.com,China,0.96.157.233
361,Charles,Bennett,cbennetta0@cornell.edu,Denmark,150.175.156.87
362,Jane,Sanders,jsandersa1@state.gov,Argentina,163.49.28.42
363,Walter,Simmons,wsimmonsa2@clickbank.net,China,62.248.66.30
364,Stephen,Peterson,spetersona3@wunderground.com,Cyprus,247.112.168.183
365,Steven,Edwards,sedwardsa4@ted.com,China,25.148.165.85
366,Jesse,Jordan,jjordana5@archive.org,China,252.71.236.92
367,Willie,Dean,wdeana6@google.com.br,China,10.40.94.75
368,Shawn,Howard,showarda7@answers.com,China,239.85.36.47
369,Mildred,Duncan,mduncana8@addthis.com,France,136.6.63.88
370,Sara,Lopez,slopeza9@myspace.com,Albania,230.139.188.98
371,Joyce,Little,jlittleaa@wp.com,China,97.223.210.3
372,Carl,Gomez,cgomezab@surveymonkey.com,China,129.134.200.60
373,Janice,Moore,jmooreac@dagondesign.com,France,196.217.157.7
374,Gloria,Phillips,gphillipsad@apache.org,Peru,143.166.235.220
375,Kathy,Ortiz,kortizae@intel.com,China,254.222.195.234
376,Arthur,Evans,aevansaf@apache.org,Bangladesh,111.117.30.135
377,Julia,Gilbert,jgilbertag@blogger.com,Australia,13.134.67.111
378,Roy,Harper,rharperah@discuz.net,Mexico,205.99.138.77
379,Carol,Thompson,cthompsonai@weibo.com,Russia,147.12.66.123
380,Adam,Nichols,anicholsaj@yolasite.com,Brazil,202.13.51.110
381,Ryan,Ortiz,rortizak@example.com,Indonesia,219.198.172.249
382,Robin,Ramirez,rramirezal@webs.com,Indonesia,195.223.71.216
383,Carol,Knight,cknightam@meetup.com,United States,162.36.40.97
384,Mark,Armstrong,marmstrongan@loc.gov,Mongolia,121.244.225.163
385,Sean,Schmidt,sschmidtao@list-manage.com,Ireland,78.114.86.32
386,Bruce,Reynolds,breynoldsap@sitemeter.com,Argentina,242.234.19.208
387,Martha,Hawkins,mhawkinsaq@linkedin.com,Greece,244.220.121.21
388,Christopher,Baker,cbakerar@harvard.edu,China,139.117.35.108
389,Clarence,Wells,cwellsas@ask.com,Czech Republic,167.161.35.95
390,Linda,Fowler,lfowlerat@cargocollective.com,China,172.155.54.90
391,Eric,King,ekingau@timesonline.co.uk,China,64.230.147.137
392,Jennifer,Brooks,jbrooksav@hud.gov,Croatia,57.96.76.54
393,Paul,Kennedy,pkennedyaw@princeton.edu,China,60.254.213.60
394,Kimberly,Berry,kberryax@columbia.edu,Palestinian Territory,72.9.132.175
395,Jason,Morales,jmoralesay@yahoo.co.jp,China,246.231.184.61
396,William,Morales,wmoralesaz@wordpress.com,Philippines,190.11.123.234
397,Judith,Gonzales,jgonzalesb0@t-online.de,United States,253.72.79.101
398,Roy,Torres,rtorresb1@google.co.jp,France,149.251.191.73
399,Frances,Sims,fsimsb2@oracle.com,Russia,101.82.3.212
400,Christina,Ortiz,cortizb3@house.gov,China,74.202.107.105
401,Thomas,Anderson,tandersonb4@lycos.com,United States,78.78.36.166
402,Gerald,Jones,gjonesb5@addtoany.com,United States,163.147.220.250
403,Benjamin,Chapman,bchapmanb6@mapquest.com,Indonesia,135.35.3.168
404,Albert,Gilbert,agilbertb7@1und1.de,Philippines,128.10.24.138
405,Emily,Cruz,ecruzb8@usatoday.com,China,141.245.255.222
406,Deborah,Kennedy,dkennedyb9@surveymonkey.com,North Korea,95.121.170.4
407,Paul,Sims,psimsba@exblog.jp,Tanzania,245.85.5.164
408,Louise,Weaver,lweaverbb@icq.com,Philippines,128.237.135.123
409,Todd,Hart,thartbc@buzzfeed.com,New Zealand,17.169.247.6
410,Ralph,Harris,rharrisbd@miibeian.gov.cn,Colombia,33.108.207.164
411,Julie,Fernandez,jfernandezbe@indiatimes.com,Russia,164.211.132.209
412,Karen,Sims,ksimsbf@oracle.com,Philippines,78.254.49.44
413,Diane,Mendoza,dmendozabg@ted.com,China,106.136.123.177
414,Brian,Lynch,blynchbh@bravesites.com,Argentina,228.135.66.153
415,Ruby,Woods,rwoodsbi@friendfeed.com,China,85.93.184.67
416,Jimmy,Ortiz,jortizbj@mapquest.com,Japan,59.93.217.158
417,Bruce,Brooks,bbrooksbk@cbsnews.com,Brazil,61.166.24.140
418,Joan,Young,jyoungbl@msn.com,China,63.228.180.60
419,Aaron,Payne,apaynebm@mashable.com,France,154.253.21.251
420,Jeremy,Bennett,jbennettbn@parallels.com,Indonesia,147.221.142.202
421,Judy,Moreno,jmorenobo@smugmug.com,Brazil,8.228.44.111
422,Nicole,Johnston,njohnstonbp@ocn.ne.jp,Canada,228.58.113.232
423,Shirley,Mccoy,smccoybq@lulu.com,Indonesia,146.241.165.222
424,Tammy,Stevens,tstevensbr@arstechnica.com,North Korea,125.214.192.177
425,Doris,Thomas,dthomasbs@miitbeian.gov.cn,Greece,219.166.207.251
426,Robert,Ramirez,rramirezbt@discovery.com,Denmark,33.20.79.222
427,Charles,Vasquez,cvasquezbu@goodreads.com,Argentina,173.243.73.218
428,Pamela,Allen,pallenbv@ask.com,Japan,207.147.123.250
429,Peter,Price,ppricebw@mysql.com,Afghanistan,218.211.55.217
430,Gary,Richards,grichardsbx@booking.com,Madagascar,100.222.249.255
431,Terry,Riley,trileyby@eventbrite.com,China,83.12.201.158
432,Julie,Patterson,jpattersonbz@hubpages.com,China,21.22.176.160
433,Mark,Fernandez,mfernandezc0@sciencedaily.com,Indonesia,97.19.160.239
434,Stephen,Cunningham,scunninghamc1@php.net,Morocco,50.23.47.88
435,Jean,Burke,jburkec2@list-manage.com,Venezuela,245.182.74.20
436,Billy,Murray,bmurrayc3@wired.com,Sierra Leone,242.72.255.61
437,Matthew,Simmons,msimmonsc4@eepurl.com,Brazil,202.29.114.48
438,Jeffrey,Armstrong,jarmstrongc5@netvibes.com,China,198.163.94.96
439,Patrick,Patterson,ppattersonc6@istockphoto.com,United States,179.118.204.164
440,David,Lynch,dlynchc7@examiner.com,Poland,242.141.185.38
441,Shirley,Mills,smillsc8@ibm.com,Brazil,166.11.228.88
442,Mary,Vasquez,mvasquezc9@lulu.com,Peru,200.206.213.195
443,Frank,Simmons,fsimmonsca@abc.net.au,Central African Republic,241.85.24.240
444,Walter,Lawrence,wlawrencecb@trellian.com,China,35.42.41.224
445,Brian,Murphy,bmurphycc@t.co,France,195.122.169.40
446,Keith,Austin,kaustincd@spotify.com,Afghanistan,75.216.64.109
447,James,Olson,jolsonce@ihg.com,Croatia,248.134.238.218
448,Marilyn,Ward,mwardcf@dedecms.com,South Africa,23.185.143.59
449,Beverly,Gonzalez,bgonzalezcg@seattletimes.com,Albania,4.249.42.74
450,Rebecca,Gray,rgraych@reverbnation.com,Czech Republic,21.50.59.144
451,Teresa,Dean,tdeanci@un.org,Brazil,102.47.85.235
452,Sean,Simmons,ssimmonscj@freewebs.com,Dominican Republic,200.38.108.153
453,Scott,Brown,sbrownck@hatena.ne.jp,China,96.123.158.98
454,Betty,Hawkins,bhawkinscl@mit.edu,Belarus,112.101.153.183
455,Justin,Peterson,jpetersoncm@engadget.com,Ukraine,240.1.189.43
456,Christine,Jackson,cjacksoncn@ask.com,China,99.147.95.254
457,Louise,Jones,ljonesco@shop-pro.jp,China,219.180.67.79
458,Stephen,Wheeler,swheelercp@technorati.com,Dominican Republic,159.87.190.158
459,Heather,Price,hpricecq@seesaa.net,China,156.169.103.254
460,Marilyn,Hernandez,mhernandezcr@hhs.gov,Tajikistan,214.14.193.24
461,Wayne,Hunt,whuntcs@techcrunch.com,China,23.41.27.101
462,Carolyn,Ross,crossct@toplist.cz,China,50.129.254.153
463,Terry,Hanson,thansoncu@theguardian.com,Russia,20.178.200.20
464,Patricia,Mccoy,pmccoycv@mlb.com,Philippines,74.219.57.38
465,Sean,Allen,sallencw@businessinsider.com,China,205.50.215.201
466,Wanda,Bell,wbellcx@yahoo.co.jp,Poland,58.138.224.154
467,Carl,Gibson,cgibsoncy@bloglovin.com,Angola,251.99.237.18
468,Cynthia,Daniels,cdanielscz@youku.com,China,38.118.179.182
469,Arthur,Gray,agrayd0@deliciousdays.com,China,175.42.64.165
470,Samuel,Fernandez,sfernandezd1@themeforest.net,Russia,177.19.117.96
471,Louise,King,lkingd2@wp.com,Poland,158.63.73.71
472,Scott,Stanley,sstanleyd3@java.com,China,176.54.192.38
473,Donna,Riley,drileyd4@upenn.edu,Russia,193.2.148.70
474,Linda,Adams,ladamsd5@apache.org,Mexico,244.69.133.156
475,Scott,West,swestd6@wp.com,Thailand,222.109.214.244
476,Andrew,Wright,awrightd7@blogs.com,Uzbekistan,152.123.68.158
477,Adam,Howard,ahowardd8@ed.gov,Greece,63.16.216.215
478,Jason,Ruiz,jruizd9@arizona.edu,Poland,175.143.75.188
479,Ernest,Romero,eromeroda@163.com,Pakistan,182.213.159.73
480,Angela,Washington,awashingtondb@ed.gov,France,106.56.105.10
481,Lois,Allen,lallendc@chron.com,Philippines,87.201.14.52
482,Gary,Baker,gbakerdd@istockphoto.com,Indonesia,58.81.191.13
483,George,Meyer,gmeyerde@4shared.com,China,39.93.229.178
484,Doris,Willis,dwillisdf@forbes.com,Philippines,42.68.166.108
485,Roger,Weaver,rweaverdg@princeton.edu,Indonesia,33.109.120.212
486,Cheryl,Barnes,cbarnesdh@delicious.com,Peru,244.39.170.182
487,Anna,Miller,amillerdi@mail.ru,China,81.60.179.76
488,Nicholas,Ford,nforddj@wunderground.com,China,17.1.182.197
489,Michael,Ruiz,mruizdk@guardian.co.uk,Egypt,143.205.208.9
490,Antonio,Turner,aturnerdl@miibeian.gov.cn,Marshall Islands,149.255.5.155
491,Randy,Price,rpricedm@latimes.com,Cuba,85.45.245.52
492,Nicole,Nguyen,nnguyendn@wikia.com,Indonesia,81.75.7.13
493,Ruth,Palmer,rpalmerdo@icio.us,Tunisia,191.116.170.85
494,Gloria,Perry,gperrydp@nifty.com,China,162.197.49.84
495,Gerald,Ruiz,gruizdq@blogspot.com,Chile,233.181.233.248
496,Billy,Johnston,bjohnstondr@hatena.ne.jp,China,61.217.107.143
497,Patrick,Hudson,phudsonds@hibu.com,China,23.27.32.33
498,Elizabeth,Williams,ewilliamsdt@mayoclinic.com,Syria,204.109.95.85
499,Lisa,Powell,lpowelldu@upenn.edu,Argentina,211.180.152.118
500,Bruce,Payne,bpaynedv@amazonaws.com,Germany,49.154.28.236
501,Jesse,Chavez,jchavezdw@ustream.tv,China,131.134.141.177
502,Lisa,Washington,lwashingtondx@umich.edu,China,55.187.244.184
503,Phillip,Wood,pwooddy@nature.com,Philippines,192.204.217.0
504,Laura,Carter,lcarterdz@tripadvisor.com,Albania,135.245.207.174
505,Jessica,Wallace,jwallacee0@kickstarter.com,Indonesia,185.254.172.210
506,John,Warren,jwarrene1@reference.com,China,90.240.92.147
507,Bonnie,Murphy,bmurphye2@narod.ru,Poland,244.7.213.42
508,Teresa,Williamson,twilliamsone3@123-reg.co.uk,China,246.128.89.94
509,Kathryn,Bryant,kbryante4@toplist.cz,Indonesia,166.183.76.131
510,Christopher,Weaver,cweavere5@huffingtonpost.com,Argentina,254.89.35.247
511,Kathleen,Miller,kmillere6@yandex.ru,China,162.254.31.223
512,Clarence,Harrison,charrisone7@usa.gov,Portugal,96.111.26.90
513,Clarence,Spencer,cspencere8@icq.com,Indonesia,14.58.209.48
514,Kimberly,Nguyen,knguyene9@eventbrite.com,Brazil,243.78.155.174
515,Thomas,Price,tpriceea@behance.net,China,143.125.79.133
516,Laura,Simmons,lsimmonseb@google.de,Poland,217.168.27.215
517,Judy,Greene,jgreeneec@blog.com,China,68.43.226.121
518,Mildred,Washington,mwashingtoned@nhs.uk,Russia,87.7.179.155
519,Judith,Phillips,jphillipsee@prnewswire.com,China,120.83.26.97
520,Beverly,Fisher,bfisheref@dailymail.co.uk,Nicaragua,67.128.14.204
521,Fred,Chavez,fchavezeg@webeden.co.uk,China,143.113.57.26
522,Samuel,Hudson,shudsoneh@shutterfly.com,Ukraine,66.166.229.27
523,Kathryn,Bowman,kbowmanei@latimes.com,Liberia,166.18.188.144
524,Jerry,Alexander,jalexanderej@nymag.com,Indonesia,46.194.177.64
525,Kathy,Hill,khillek@google.com,Sweden,162.19.227.33
526,Joe,Wheeler,jwheelerel@google.ca,Portugal,16.127.41.65
527,Rebecca,Marshall,rmarshallem@usda.gov,China,134.22.6.30
528,Carlos,Larson,clarsonen@mapy.cz,Ukraine,83.201.209.20
529,Robert,Rodriguez,rrodriguezeo@desdev.cn,Brazil,223.5.235.41
530,Judith,Gray,jgrayep@gov.uk,Brazil,153.125.92.220
531,Tina,Austin,taustineq@fc2.com,Indonesia,51.65.131.96
532,Jack,Lane,jlaneer@europa.eu,Albania,145.46.166.124
533,Tina,Hayes,thayeses@shutterfly.com,Argentina,79.189.55.167
534,Kathy,Martin,kmartinet@ycombinator.com,United States,220.225.245.4
535,Kenneth,Jenkins,kjenkinseu@apache.org,Colombia,89.85.113.55
536,Karen,Howard,khowardev@scientificamerican.com,France,28.55.253.223
537,Michael,Watson,mwatsonew@businesswire.com,China,255.25.122.232
538,Randy,Carr,rcarrex@opera.com,France,97.3.165.246
539,Bruce,Russell,brusselley@ucoz.ru,Argentina,4.214.58.142
540,Ruby,Ward,rwardez@tinyurl.com,South Africa,214.101.9.72
541,Antonio,Carpenter,acarpenterf0@live.com,Syria,228.106.109.84
542,Andrea,Berry,aberryf1@harvard.edu,Macedonia,121.51.73.239
543,Gregory,Crawford,gcrawfordf2@irs.gov,Mexico,26.87.142.55
544,Brian,Collins,bcollinsf3@house.gov,China,43.111.116.9
545,Martha,Lewis,mlewisf4@yale.edu,Macedonia,222.173.71.204
546,Kevin,Wood,kwoodf5@purevolume.com,Indonesia,127.202.229.247
547,Barbara,Price,bpricef6@seattletimes.com,Ivory Coast,199.147.90.182
548,Paul,Peters,ppetersf7@flickr.com,China,118.166.30.166
549,Alan,Wood,awoodf8@pagesperso-orange.fr,Philippines,29.127.203.116
550,Willie,Mason,wmasonf9@macromedia.com,Poland,198.125.6.159
551,Kathleen,Gonzalez,kgonzalezfa@pinterest.com,Indonesia,174.101.244.173
552,Lois,George,lgeorgefb@soup.io,Venezuela,204.52.107.172
553,Paul,Crawford,pcrawfordfc@va.gov,Russia,170.228.51.23
554,Louis,Barnes,lbarnesfd@plala.or.jp,Greece,44.253.27.42
555,Deborah,Russell,drussellfe@salon.com,Ukraine,97.123.29.97
556,Alan,Cooper,acooperff@ucoz.ru,Sweden,9.199.158.201
557,Martha,Gonzalez,mgonzalezfg@bloglines.com,Republic of the Congo,116.2.102.146
558,William,Baker,wbakerfh@mapy.cz,China,170.213.145.14
559,Keith,Nelson,knelsonfi@stanford.edu,Afghanistan,120.120.9.138
560,Jack,Romero,jromerofj@omniture.com,Brazil,35.22.67.1
561,Denise,Ellis,dellisfk@home.pl,Tanzania,252.142.248.163
562,Susan,Cook,scookfl@chron.com,China,253.55.173.40
563,Sean,Black,sblackfm@canalblog.com,Malaysia,2.157.81.138
564,Samuel,Cruz,scruzfn@bizjournals.com,China,252.1.35.134
565,Rebecca,Robertson,rrobertsonfo@princeton.edu,Portugal,162.220.39.161
566,Christina,Thomas,cthomasfp@hp.com,Germany,247.99.133.110
567,Clarence,Owens,cowensfq@yellowpages.com,Poland,7.183.182.233
568,Joshua,Duncan,jduncanfr@wiley.com,Russia,115.85.220.232
569,Brandon,Lane,blanefs@blinklist.com,Poland,246.237.226.201
570,Roger,Evans,revansft@joomla.org,Indonesia,32.23.134.55
571,Ryan,Marshall,rmarshallfu@sbwire.com,Afghanistan,199.245.36.159
572,Raymond,Lawrence,rlawrencefv@buzzfeed.com,Venezuela,223.255.72.38
573,Karen,Jordan,kjordanfw@state.tx.us,Ukraine,92.13.199.95
574,Timothy,Mitchell,tmitchellfx@ftc.gov,United States,11.28.60.211
575,Kenneth,Fox,kfoxfy@go.com,China,211.105.32.91
576,Julia,Brooks,jbrooksfz@disqus.com,China,199.187.6.124
577,Jessica,Medina,jmedinag0@reddit.com,Thailand,10.82.149.73
578,Samuel,Henderson,shendersong1@unicef.org,Sweden,176.69.143.112
579,Jerry,Peterson,jpetersong2@geocities.jp,United Kingdom,69.7.32.51
580,Richard,Riley,rrileyg3@shinystat.com,Australia,238.161.67.219
581,Kevin,Lane,klaneg4@reverbnation.com,Ukraine,137.217.213.59
582,Diana,Greene,dgreeneg5@upenn.edu,Canada,119.17.127.102
583,Fred,Reynolds,freynoldsg6@miibeian.gov.cn,China,209.73.134.201
584,Cynthia,Parker,cparkerg7@google.co.jp,Canada,229.163.44.97
585,Robert,Mason,rmasong8@w3.org,Cuba,245.168.203.76
586,Paula,Baker,pbakerg9@squarespace.com,Indonesia,236.61.200.206
587,Helen,Jordan,hjordanga@github.com,Sudan,16.29.162.103
588,Robin,Diaz,rdiazgb@accuweather.com,Bolivia,184.228.134.16
589,Jerry,Burton,jburtongc@jiathis.com,Ethiopia,107.229.207.193
590,Janice,Robinson,jrobinsongd@drupal.org,China,214.90.235.87
591,Tammy,Moreno,tmorenoge@quantcast.com,Indonesia,178.173.88.80
592,Nicholas,Nelson,nnelsongf@boston.com,United States,254.98.129.239
593,Rachel,Webb,rwebbgg@tripod.com,Iraq,29.178.213.28
594,Jean,Sanders,jsandersgh@vkontakte.ru,Venezuela,102.124.95.134
595,Joseph,Wright,jwrightgi@wp.com,China,65.136.239.46
596,Denise,Sanchez,dsanchezgj@studiopress.com,Brazil,198.99.201.238
597,Keith,Anderson,kandersongk@yahoo.co.jp,Cuba,88.44.88.9
598,Robert,Bryant,rbryantgl@pagesperso-orange.fr,Azerbaijan,139.185.108.135
599,Mark,Wagner,mwagnergm@patch.com,Brazil,84.163.56.75
600,Steve,Peterson,spetersongn@cam.ac.uk,Portugal,13.142.129.112
601,Dorothy,Berry,dberrygo@mapquest.com,China,62.10.36.125
602,Carl,George,cgeorgegp@marriott.com,Libya,127.82.43.162
603,Beverly,Gibson,bgibsongq@dagondesign.com,Peru,0.243.207.84
604,Ruby,Wood,rwoodgr@apache.org,Finland,239.19.129.152
605,Kimberly,Payne,kpaynegs@comsenz.com,Croatia,119.35.55.65
606,Mark,Gonzales,mgonzalesgt@blogspot.com,Saudi Arabia,85.65.92.8
607,Teresa,Rodriguez,trodriguezgu@wordpress.org,Ukraine,190.220.190.206
608,Helen,Spencer,hspencergv@mysql.com,Azerbaijan,152.46.244.215
609,Anthony,Shaw,ashawgw@springer.com,Portugal,42.201.51.205
610,Brenda,Warren,bwarrengx@marriott.com,Philippines,13.124.244.131
611,Henry,Perez,hperezgy@sitemeter.com,Indonesia,197.245.57.182
612,Michelle,Holmes,mholmesgz@blogspot.com,Uruguay,132.126.10.170
613,Emily,Powell,epowellh0@flavors.me,China,223.64.82.124
614,Michael,Hudson,mhudsonh1@weather.com,Russia,95.178.116.110
615,Juan,Price,jpriceh2@cocolog-nifty.com,China,124.114.165.78
616,Russell,Garrett,rgarretth3@google.nl,Indonesia,32.25.181.200
617,Joan,Spencer,jspencerh4@google.com.au,China,34.31.253.55
618,Pamela,Stanley,pstanleyh5@etsy.com,Portugal,137.178.96.245
619,Gloria,Cooper,gcooperh6@house.gov,China,75.147.179.4
620,William,Frazier,wfrazierh7@storify.com,United States,106.63.247.42
621,Lillian,Gibson,lgibsonh8@si.edu,Czech Republic,22.222.10.141
622,Frances,Green,fgreenh9@godaddy.com,Indonesia,235.81.181.43
623,Victor,Evans,vevansha@theatlantic.com,Colombia,22.65.254.228
624,Roger,Alexander,ralexanderhb@google.ca,Sweden,39.19.35.33
625,Katherine,Marshall,kmarshallhc@nationalgeographic.com,Portugal,244.169.36.48
626,Jimmy,Griffin,jgriffinhd@i2i.jp,Indonesia,7.28.190.246
627,Tammy,Fowler,tfowlerhe@soundcloud.com,Philippines,176.183.150.71
628,James,Carr,jcarrhf@myspace.com,China,183.185.135.98
629,Robin,Rodriguez,rrodriguezhg@tripadvisor.com,Poland,106.36.117.221
630,Philip,Alexander,palexanderhh@cbsnews.com,Indonesia,132.201.157.205
631,Debra,Riley,drileyhi@google.it,Honduras,132.185.11.228
632,Edward,Robertson,erobertsonhj@google.cn,Thailand,144.32.118.234
633,Ann,Jenkins,ajenkinshk@hostgator.com,Philippines,29.105.138.225
634,George,Bryant,gbryanthl@ucsd.edu,China,13.215.87.168
635,Ashley,Carpenter,acarpenterhm@sourceforge.net,China,150.77.219.254
636,Chris,Sullivan,csullivanhn@mlb.com,Colombia,72.120.198.159
637,Marie,Anderson,mandersonho@bloglines.com,Peru,77.129.9.143
638,Henry,Gray,hgrayhp@taobao.com,Greece,152.240.31.137
639,Justin,Price,jpricehq@usa.gov,France,74.228.215.171
640,Gary,Harper,gharperhr@cam.ac.uk,Germany,90.174.237.230
641,Cheryl,Sims,csimshs@bandcamp.com,Thailand,182.22.249.37
642,Philip,Chapman,pchapmanht@bing.com,Bulgaria,174.188.46.217
643,Martin,Brown,mbrownhu@infoseek.co.jp,Indonesia,63.119.153.96
644,Angela,Nguyen,anguyenhv@oracle.com,Poland,18.169.129.153
645,Anna,Collins,acollinshw@printfriendly.com,Sweden,162.155.124.177
646,Mildred,Fisher,mfisherhx@prlog.org,France,57.37.54.104
647,Janice,Fuller,jfullerhy@columbia.edu,Indonesia,88.225.136.168
648,Angela,Lopez,alopezhz@tmall.com,Greece,96.87.50.14
649,Carol,Young,cyoungi0@storify.com,Sweden,86.0.192.202
650,Rachel,Perez,rperezi1@scribd.com,Serbia,165.196.55.172
651,Brandon,Gardner,bgardneri2@parallels.com,Russia,166.158.156.79
652,Todd,Gardner,tgardneri3@storify.com,China,43.159.55.213
653,James,Palmer,jpalmeri4@ustream.tv,France,153.56.37.1
654,Mildred,Armstrong,marmstrongi5@livejournal.com,Sweden,134.164.245.65
655,Amanda,Sanchez,asanchezi6@youku.com,Indonesia,172.254.22.195
656,Douglas,Gonzales,dgonzalesi7@ycombinator.com,China,149.9.155.109
657,Karen,Palmer,kpalmeri8@com.com,China,13.40.217.131
658,Ann,Henderson,ahendersoni9@blogger.com,Greece,76.218.183.43
659,Ernest,Cole,ecoleia@bandcamp.com,Japan,171.23.44.233
660,Amy,Webb,awebbib@ucla.edu,Russia,193.232.188.109
661,Christine,Lawrence,clawrenceic@imgur.com,China,236.71.245.150
662,Brenda,Richards,brichardsid@mayoclinic.com,Syria,180.252.94.147
663,Barbara,Romero,bromeroie@army.mil,Brazil,144.227.253.33
664,James,Mendoza,jmendozaif@mozilla.com,China,106.158.116.43
665,Scott,Hernandez,shernandezig@nature.com,China,111.96.67.55
666,David,Griffin,dgriffinih@dailymail.co.uk,China,168.242.91.15
667,Louise,Sanchez,lsanchezii@tripod.com,United States,254.208.146.87
668,Carol,Adams,cadamsij@time.com,Slovenia,28.4.8.13
669,Ryan,Mendoza,rmendozaik@arstechnica.com,Sri Lanka,51.37.231.111
670,Brian,Barnes,bbarnesil@usatoday.com,China,170.79.68.22
671,Ernest,Johnston,ejohnstonim@geocities.jp,France,81.242.63.23
672,Harry,Ward,hwardin@umich.edu,Portugal,66.219.246.149
673,Lillian,Roberts,lrobertsio@springer.com,China,52.202.116.131
674,Linda,Fox,lfoxip@disqus.com,United States,20.132.34.118
675,Raymond,Little,rlittleiq@archive.org,Portugal,167.27.25.178
676,Thomas,Lopez,tlopezir@yandex.ru,China,192.55.113.91
677,Ralph,Stewart,rstewartis@ehow.com,Germany,211.91.160.144
678,Annie,Sanchez,asanchezit@sitemeter.com,China,18.205.85.83
679,Julie,Peterson,jpetersoniu@shutterfly.com,Afghanistan,0.49.79.173
680,Johnny,Snyder,jsnyderiv@nih.gov,Russia,190.116.15.125
681,Kenneth,Fields,kfieldsiw@paypal.com,Colombia,178.100.97.90
682,Walter,Lawrence,wlawrenceix@ask.com,Czech Republic,199.250.164.115
683,Andrea,Oliver,aoliveriy@irs.gov,Russia,32.14.115.234
684,Albert,Lopez,alopeziz@list-manage.com,Ukraine,201.181.50.229
685,Ruby,Banks,rbanksj0@yellowbook.com,Philippines,17.68.247.152
686,Patricia,Cooper,pcooperj1@time.com,Paraguay,64.0.58.23
687,Kathryn,Watkins,kwatkinsj2@booking.com,United States,206.127.187.156
688,Jeffrey,Watson,jwatsonj3@issuu.com,China,225.92.252.238
689,Jimmy,Hawkins,jhawkinsj4@bigcartel.com,France,31.195.108.221
690,Johnny,Ray,jrayj5@t-online.de,Central African Republic,24.208.31.85
691,Virginia,Smith,vsmithj6@techcrunch.com,Argentina,104.40.151.175
692,Gloria,Jacobs,gjacobsj7@desdev.cn,China,212.82.206.232
693,Earl,Graham,egrahamj8@home.pl,Russia,69.167.95.64
694,Nancy,Lane,nlanej9@webs.com,Poland,20.101.124.128
695,Aaron,James,ajamesja@businesswire.com,Brazil,128.170.189.237
696,Evelyn,Marshall,emarshalljb@mapy.cz,Latvia,167.250.120.150
697,Amy,Martin,amartinjc@paypal.com,China,225.8.101.21
698,Ralph,Fields,rfieldsjd@netlog.com,South Korea,128.153.97.137
699,Sean,Ray,srayje@devhub.com,Micronesia,29.241.105.165
700,Howard,Fields,hfieldsjf@bbb.org,Philippines,209.82.212.131
701,Jean,Cox,jcoxjg@posterous.com,Indonesia,215.113.62.85
702,Larry,Austin,laustinjh@jigsy.com,Brazil,151.255.167.231
703,Jane,Russell,jrussellji@dailymail.co.uk,Canada,1.227.95.97
704,Catherine,Reyes,creyesjj@shop-pro.jp,China,40.138.137.219
705,Amanda,Torres,atorresjk@cnn.com,Mexico,222.94.172.202
706,Patricia,Lynch,plynchjl@yahoo.com,Albania,31.180.223.250
707,Andrew,Howell,ahowelljm@slashdot.org,Indonesia,211.86.156.146
708,Evelyn,Murphy,emurphyjn@usnews.com,China,96.49.2.18
709,Timothy,Boyd,tboydjo@wikia.com,China,184.35.128.66
710,Deborah,Cunningham,dcunninghamjp@g.co,Ukraine,151.229.163.64
711,Robin,Chavez,rchavezjq@163.com,Mexico,62.129.103.186
712,William,Elliott,welliottjr@blog.com,Iran,141.49.251.241
713,Kenneth,Larson,klarsonjs@usgs.gov,Philippines,74.167.4.18
714,Sean,Robertson,srobertsonjt@nymag.com,Indonesia,233.23.113.42
715,Joseph,Russell,jrussellju@microsoft.com,France,229.171.123.91
716,Brenda,Perkins,bperkinsjv@accuweather.com,Sweden,151.79.247.61
717,Harry,Hart,hhartjw@dailymotion.com,Puerto Rico,216.130.207.3
718,Joe,Hamilton,jhamiltonjx@g.co,Philippines,133.157.136.55
719,Sandra,Stanley,sstanleyjy@narod.ru,Brazil,125.165.54.142
720,Russell,Hudson,rhudsonjz@indiegogo.com,Portugal,198.83.187.43
721,Andrew,Thomas,athomask0@bluehost.com,Indonesia,242.138.5.105
722,Daniel,Henry,dhenryk1@seesaa.net,Russia,239.34.106.202
723,Bobby,Carroll,bcarrollk2@hc360.com,China,223.216.201.90
724,Christopher,Morrison,cmorrisonk3@cnn.com,Serbia,63.77.122.114
725,Henry,Williamson,hwilliamsonk4@qq.com,Colombia,171.7.201.196
726,Ashley,Garza,agarzak5@shareasale.com,Chile,86.68.188.95
727,Heather,Peters,hpetersk6@reference.com,Russia,69.5.68.191
728,Christopher,Torres,ctorresk7@bigcartel.com,China,88.69.175.3
729,Carolyn,Carr,ccarrk8@ucoz.ru,Philippines,82.66.178.95
730,Rachel,Ramirez,rramirezk9@smugmug.com,Mongolia,248.117.95.145
731,Debra,Watson,dwatsonka@i2i.jp,Sweden,239.39.179.144
732,Doris,Carpenter,dcarpenterkb@ftc.gov,Philippines,174.13.17.125
733,Angela,Williams,awilliamskc@wisc.edu,Indonesia,183.6.136.182
734,Margaret,Marshall,mmarshallkd@toplist.cz,China,93.105.148.191
735,Jose,Hernandez,jhernandezke@usgs.gov,Kenya,195.98.158.42
736,Gregory,Ray,graykf@wisc.edu,Nicaragua,45.203.156.102
737,Robin,Wallace,rwallacekg@yellowpages.com,Honduras,124.87.168.136
738,Margaret,Carroll,mcarrollkh@amazon.de,Colombia,147.250.244.210
739,Louis,Jenkins,ljenkinski@army.mil,France,206.178.214.87
740,Doris,Gomez,dgomezkj@purevolume.com,Serbia,216.230.87.177
741,Jeffrey,Kelly,jkellykk@virginia.edu,Russia,216.232.13.116
742,Joyce,Rose,jrosekl@desdev.cn,France,190.23.233.113
743,Christina,Ray,craykm@sbwire.com,Philippines,230.97.96.195
744,Brenda,Adams,badamskn@cafepress.com,Brazil,182.148.10.87
745,Rachel,Turner,rturnerko@google.it,China,50.9.254.246
746,Juan,Cruz,jcruzkp@unicef.org,Philippines,18.84.226.112
747,Doris,Edwards,dedwardskq@webmd.com,Canada,177.173.10.110
748,Craig,Roberts,crobertskr@yale.edu,Kenya,94.168.19.64
749,Ryan,Simmons,rsimmonsks@deviantart.com,Indonesia,249.122.189.243
750,Larry,Hamilton,lhamiltonkt@clickbank.net,Paraguay,169.242.1.182
751,Kimberly,Robertson,krobertsonku@pen.io,Canada,34.160.60.153
752,Jonathan,Bennett,jbennettkv@time.com,Poland,15.55.52.70
753,James,Lopez,jlopezkw@go.com,Indonesia,97.113.166.81
754,Lois,Wood,lwoodkx@mit.edu,Brazil,28.154.166.27
755,Judy,Garza,jgarzaky@google.es,Mongolia,205.60.17.159
756,Katherine,Butler,kbutlerkz@ycombinator.com,Indonesia,159.13.187.255
757,Judy,Pierce,jpiercel0@wikia.com,Iraq,124.81.254.149
758,Annie,Morrison,amorrisonl1@google.it,China,136.160.79.179
759,Harold,Hawkins,hhawkinsl2@ask.com,Central African Republic,198.0.44.108
760,Randy,Dunn,rdunnl3@skyrock.com,Indonesia,31.189.82.85
761,Phillip,Sanchez,psanchezl4@cocolog-nifty.com,Indonesia,4.208.67.193
762,Raymond,Hill,rhilll5@abc.net.au,New Zealand,209.228.32.158
763,Robert,Hamilton,rhamiltonl6@prlog.org,Peru,178.133.65.2
764,Mildred,Morgan,mmorganl7@scribd.com,United States,189.163.58.143
765,Irene,Perez,iperezl8@fda.gov,China,219.3.147.41
766,Charles,Garza,cgarzal9@acquirethisname.com,Turkmenistan,232.171.62.194
767,Todd,Snyder,tsnyderla@gravatar.com,Brazil,242.216.75.11
768,Melissa,Stephens,mstephenslb@odnoklassniki.ru,Syria,123.172.161.123
769,Ernest,Lane,elanelc@latimes.com,Cyprus,9.61.140.158
770,David,Wheeler,dwheelerld@nhs.uk,Tunisia,6.190.202.206
771,Carol,Mendoza,cmendozale@t.co,China,110.179.39.40
772,Eric,Larson,elarsonlf@slate.com,Norway,117.61.116.133
773,George,Lee,gleelg@flickr.com,Cuba,32.138.40.48
774,Jean,Wagner,jwagnerlh@exblog.jp,China,234.20.60.215
775,Justin,Gutierrez,jgutierrezli@economist.com,France,140.253.165.142
776,James,Lopez,jlopezlj@kickstarter.com,Canada,111.155.49.116
777,Adam,Dixon,adixonlk@gravatar.com,Thailand,45.115.253.86
778,Carol,Smith,csmithll@hubpages.com,Portugal,45.103.236.204
779,Alan,Gomez,agomezlm@salon.com,Poland,138.183.197.137
780,Daniel,Henderson,dhendersonln@cbslocal.com,China,27.125.10.162
781,Robert,Jordan,rjordanlo@nature.com,China,56.177.127.91
782,Frank,Perkins,fperkinslp@yellowpages.com,China,71.177.100.240
783,Lois,Webb,lwebblq@princeton.edu,China,176.6.165.183
784,Clarence,Rivera,criveralr@webnode.com,China,242.144.90.94
785,Wayne,Banks,wbanksls@slate.com,Portugal,169.49.127.223
786,Angela,Burton,aburtonlt@edublogs.org,Sweden,83.138.160.245
787,Sharon,Myers,smyerslu@blogspot.com,China,46.68.185.105
788,Rebecca,Meyer,rmeyerlv@nih.gov,Indonesia,73.239.3.127
789,Andrew,Carroll,acarrolllw@studiopress.com,Morocco,205.247.55.135
790,Russell,Morris,rmorrislx@fema.gov,China,1.162.67.135
791,Jeffrey,Henry,jhenryly@wordpress.org,Brazil,13.14.95.164
792,Amanda,Wood,awoodlz@cmu.edu,Poland,247.140.129.203
793,Andrea,Wells,awellsm0@hibu.com,Poland,167.39.126.127
794,Terry,Chavez,tchavezm1@slashdot.org,Sweden,122.93.15.39
795,Joan,Richards,jrichardsm2@telegraph.co.uk,China,151.32.209.179
796,Sandra,Simpson,ssimpsonm3@amazon.de,China,63.144.225.220
797,Jerry,Hansen,jhansenm4@parallels.com,Russia,125.134.109.125
798,Heather,Williams,hwilliamsm5@so-net.ne.jp,China,241.77.171.81
799,John,Campbell,jcampbellm6@jugem.jp,Peru,78.196.179.3
800,Rose,Tucker,rtuckerm7@smugmug.com,Russia,19.116.69.29
801,Sharon,Green,sgreenm8@jugem.jp,Egypt,38.72.136.175
802,Ashley,Hayes,ahayesm9@seattletimes.com,Portugal,73.60.17.253
803,Ernest,Romero,eromeroma@sciencedirect.com,Uganda,174.135.60.92
804,Nicole,Romero,nromeromb@sbwire.com,Indonesia,168.151.196.205
805,Gregory,Ryan,gryanmc@bizjournals.com,Indonesia,132.222.186.111
806,Mildred,Wallace,mwallacemd@skyrock.com,Venezuela,148.31.208.48
807,Walter,Cole,wcoleme@whitehouse.gov,Czech Republic,128.188.110.7
808,Bobby,Carpenter,bcarpentermf@amazonaws.com,Indonesia,241.118.25.105
809,Linda,Castillo,lcastillomg@eepurl.com,Jordan,64.180.193.14
810,Harold,Rogers,hrogersmh@a8.net,Ecuador,115.213.60.149
811,Bruce,Harper,bharpermi@buzzfeed.com,Georgia,29.220.75.149
812,Pamela,Austin,paustinmj@pagesperso-orange.fr,Poland,236.106.244.131
813,Michael,Ward,mwardmk@meetup.com,Sri Lanka,209.118.64.4
814,Alice,Morales,amoralesml@flavors.me,France,202.30.1.5
815,Keith,Hunt,khuntmm@symantec.com,Malaysia,131.124.82.48
816,Cheryl,Fisher,cfishermn@weather.com,Indonesia,222.25.189.84
817,Joe,Green,jgreenmo@harvard.edu,Pakistan,141.135.187.174
818,Sara,Romero,sromeromp@feedburner.com,Sweden,186.199.235.127
819,Ashley,Perkins,aperkinsmq@apple.com,Russia,100.155.166.94
820,Harry,Howard,hhowardmr@nih.gov,Syria,59.146.165.153
821,Donald,Henderson,dhendersonms@creativecommons.org,Democratic Republic of the Congo,51.12.193.170
822,Timothy,Gonzalez,tgonzalezmt@google.ru,Thailand,173.28.127.180
823,Michelle,Alvarez,malvarezmu@unblog.fr,Egypt,175.249.109.115
824,Jacqueline,Weaver,jweavermv@ocn.ne.jp,Philippines,24.74.121.249
825,Douglas,Wagner,dwagnermw@phpbb.com,Indonesia,244.100.65.145
826,Carlos,Bryant,cbryantmx@youku.com,Guinea,90.59.97.97
827,Heather,Davis,hdavismy@over-blog.com,Sweden,51.69.239.2
828,Arthur,Stevens,astevensmz@auda.org.au,Colombia,86.45.229.11
829,Anna,Brooks,abrooksn0@wufoo.com,Czech Republic,125.158.168.185
830,Donna,Rivera,driveran1@wikispaces.com,Tajikistan,250.2.174.42
831,Nancy,Hudson,nhudsonn2@telegraph.co.uk,Indonesia,39.65.109.63
832,Charles,Hudson,chudsonn3@linkedin.com,China,246.98.59.158
833,Carl,Evans,cevansn4@geocities.jp,China,226.227.170.46
834,Todd,Lopez,tlopezn5@google.pl,Kosovo,62.217.211.211
835,Phillip,Simmons,psimmonsn6@biblegateway.com,Honduras,131.233.86.174
836,George,Lawson,glawsonn7@vimeo.com,Mexico,93.12.225.140
837,Karen,Carroll,kcarrolln8@plala.or.jp,Czech Republic,218.229.24.104
838,Christine,Kelley,ckelleyn9@php.net,Nigeria,37.10.38.189
839,Matthew,Allen,mallenna@bravesites.com,China,215.169.185.2
840,Kathy,Fields,kfieldsnb@wufoo.com,France,56.240.83.84
841,Daniel,Adams,dadamsnc@dedecms.com,Madagascar,47.182.112.14
842,Jeremy,Gonzales,jgonzalesnd@bigcartel.com,China,187.86.0.194
843,Billy,Richardson,brichardsonne@amazonaws.com,China,139.249.219.62
844,Fred,Rodriguez,frodrigueznf@symantec.com,Colombia,201.137.167.93
845,Cheryl,Johnson,cjohnsonng@comcast.net,China,71.52.206.160
846,Jennifer,Wheeler,jwheelernh@google.fr,China,178.186.226.47
847,Tina,Woods,twoodsni@patch.com,South Africa,7.88.168.38
848,Anthony,Franklin,afranklinnj@google.com,China,91.95.72.131
849,Alan,Hughes,ahughesnk@cdc.gov,Thailand,144.219.221.10
850,Richard,Ruiz,rruiznl@telegraph.co.uk,China,238.74.203.136
851,Brian,Spencer,bspencernm@europa.eu,Indonesia,167.225.153.200
852,Betty,Johnson,bjohnsonnn@google.com.au,Democratic Republic of the Congo,222.141.92.209
853,Theresa,Jacobs,tjacobsno@comcast.net,Philippines,246.181.99.243
854,Bonnie,Jordan,bjordannp@goo.gl,China,128.20.55.219
855,Betty,Burton,bburtonnq@ning.com,Estonia,185.149.72.205
856,Susan,Montgomery,smontgomerynr@usatoday.com,China,164.165.119.202
857,Cynthia,Day,cdayns@omniture.com,China,36.252.138.10
858,Howard,Sanchez,hsancheznt@amazon.co.uk,Pakistan,159.108.195.32
859,Wayne,Burns,wburnsnu@state.tx.us,Ukraine,22.10.167.227
860,Heather,Taylor,htaylornv@digg.com,South Africa,244.241.76.78
861,Joseph,Harper,jharpernw@macromedia.com,China,110.243.69.243
862,Joe,Sanders,jsandersnx@vimeo.com,Indonesia,155.33.38.87
863,Keith,Watkins,kwatkinsny@statcounter.com,Mongolia,43.47.62.62
864,Barbara,Simmons,bsimmonsnz@sitemeter.com,China,57.208.145.102
865,Matthew,Stewart,mstewarto0@free.fr,China,143.239.76.192
866,Christine,Hunter,chuntero1@gizmodo.com,Japan,1.73.77.90
867,Heather,White,hwhiteo2@networksolutions.com,Indonesia,94.211.181.183
868,Peter,Cole,pcoleo3@paginegialle.it,Philippines,169.253.55.41
869,Lisa,Hudson,lhudsono4@constantcontact.com,Japan,70.225.255.140
870,Barbara,Baker,bbakero5@sciencedirect.com,China,41.121.7.209
871,Jennifer,Wheeler,jwheelero6@accuweather.com,Ukraine,178.29.245.17
872,Alice,Alexander,aalexandero7@huffingtonpost.com,Colombia,15.89.38.81
873,Howard,Owens,howenso8@admin.ch,Brazil,255.148.209.217
874,Jason,Reid,jreido9@dailymotion.com,Paraguay,244.36.194.38
875,Annie,Kelly,akellyoa@pbs.org,China,218.194.251.214
876,Eugene,Woods,ewoodsob@economist.com,China,212.16.113.103
877,Frank,Hunt,fhuntoc@tinypic.com,China,106.81.11.214
878,Joan,Knight,jknightod@elegantthemes.com,Indonesia,102.126.134.30
879,Phillip,Owens,powensoe@odnoklassniki.ru,Indonesia,153.143.248.1
880,Joyce,Jackson,jjacksonof@buzzfeed.com,China,233.185.244.126
881,Bobby,Vasquez,bvasquezog@csmonitor.com,Spain,199.45.27.231
882,Nicole,Carter,ncarteroh@bizjournals.com,Philippines,91.129.109.206
883,Antonio,Carpenter,acarpenteroi@army.mil,Ukraine,164.42.46.163
884,Virginia,Morrison,vmorrisonoj@sitemeter.com,Indonesia,76.92.208.110
885,Brenda,Day,bdayok@ezinearticles.com,United States,205.224.154.178
886,Jennifer,Daniels,jdanielsol@nps.gov,Indonesia,26.74.76.134
887,Anthony,Lynch,alynchom@bizjournals.com,Denmark,143.161.159.252
888,Jean,Olson,jolsonon@creativecommons.org,China,54.120.144.26
889,Larry,Simmons,lsimmonsoo@alexa.com,China,203.168.154.64
890,Roger,Reynolds,rreynoldsop@dropbox.com,Hungary,58.154.33.178
891,Ashley,Boyd,aboydoq@ed.gov,China,98.129.222.140
892,Paul,Nguyen,pnguyenor@discuz.net,Portugal,111.253.16.234
893,Mildred,Arnold,marnoldos@sun.com,China,211.154.236.179
894,Doris,Wagner,dwagnerot@nbcnews.com,Nicaragua,138.42.151.167
895,Jimmy,Jackson,jjacksonou@va.gov,China,8.12.247.146
896,Matthew,Henry,mhenryov@unc.edu,China,161.129.139.158
897,Katherine,Stewart,kstewartow@a8.net,South Africa,152.2.114.239
898,Brian,Coleman,bcolemanox@yelp.com,Brazil,65.128.61.81
899,Juan,Clark,jclarkoy@omniture.com,Indonesia,236.13.202.254
900,Raymond,Lawson,rlawsonoz@whitehouse.gov,China,136.4.107.206
901,Elizabeth,Hawkins,ehawkinsp0@admin.ch,United States,101.206.75.250
902,Nancy,Arnold,narnoldp1@oracle.com,Syria,239.156.159.29
903,Sharon,Myers,smyersp2@cpanel.net,Israel,97.23.210.188
904,Kenneth,Perez,kperezp3@loc.gov,Gambia,177.130.237.162
905,Mary,Webb,mwebbp4@google.fr,Indonesia,158.63.215.147
906,Richard,Schmidt,rschmidtp5@who.int,Democratic Republic of the Congo,254.71.140.229
907,Nancy,Hughes,nhughesp6@feedburner.com,China,35.117.38.239
908,Victor,Simmons,vsimmonsp7@uiuc.edu,Portugal,25.161.44.185
909,Harold,Kennedy,hkennedyp8@noaa.gov,China,226.27.29.208
910,Cheryl,Brooks,cbrooksp9@blog.com,Venezuela,70.192.169.186
911,Howard,Garza,hgarzapa@homestead.com,Ukraine,124.86.48.216
912,Harold,Boyd,hboydpb@bloglines.com,Indonesia,97.2.195.69
913,Tammy,Mendoza,tmendozapc@chronoengine.com,Colombia,80.51.144.73
914,Irene,Johnston,ijohnstonpd@twitter.com,Tanzania,191.37.55.136
915,Anne,Murray,amurraype@woothemes.com,Philippines,78.230.80.64
916,Christina,Green,cgreenpf@engadget.com,Czech Republic,221.132.52.227
917,Rachel,Carpenter,rcarpenterpg@scientificamerican.com,France,4.224.132.181
918,Julia,Jacobs,jjacobsph@scribd.com,Brazil,166.76.29.107
919,Chris,Ramirez,cramirezpi@squarespace.com,China,207.126.60.53
920,Katherine,Diaz,kdiazpj@xing.com,Portugal,241.235.161.66
921,Ruth,Burton,rburtonpk@cbsnews.com,Vietnam,46.70.24.231
922,Theresa,Stewart,tstewartpl@samsung.com,Indonesia,176.186.83.49
923,Jose,Carr,jcarrpm@boston.com,Brazil,22.147.22.50
924,Joseph,Kim,jkimpn@devhub.com,Dominican Republic,42.95.43.124
925,Brandon,Hayes,bhayespo@washingtonpost.com,Vietnam,88.174.219.218
926,Phillip,Fox,pfoxpp@cam.ac.uk,China,139.189.193.240
927,Gary,Burton,gburtonpq@homestead.com,Indonesia,215.6.182.150
928,Charles,Palmer,cpalmerpr@wired.com,United States,1.235.136.4
929,Walter,Bailey,wbaileyps@icq.com,Ukraine,144.112.22.108
930,Lisa,Washington,lwashingtonpt@yolasite.com,Colombia,134.145.59.203
931,Lois,Burke,lburkepu@sogou.com,Indonesia,126.101.24.173
932,Kenneth,Morales,kmoralespv@elegantthemes.com,Senegal,100.81.163.84
933,Ralph,Chapman,rchapmanpw@bluehost.com,Bolivia,16.223.249.78
934,Mary,Andrews,mandrewspx@goo.ne.jp,Indonesia,41.200.125.239
935,Juan,Medina,jmedinapy@hc360.com,China,18.162.2.169
936,Margaret,Jackson,mjacksonpz@i2i.jp,Indonesia,65.213.111.144
937,Philip,Adams,padamsq0@oakley.com,China,54.204.231.72
938,Linda,Edwards,ledwardsq1@ihg.com,Canada,102.30.208.102
939,Matthew,Frazier,mfrazierq2@netvibes.com,China,68.73.104.145
940,Ronald,Fields,rfieldsq3@mozilla.com,China,135.30.190.249
941,Rebecca,Mendoza,rmendozaq4@nhs.uk,Indonesia,127.226.74.119
942,Carl,Young,cyoungq5@independent.co.uk,China,58.20.10.214
943,Ernest,Ramos,eramosq6@mapy.cz,China,46.85.141.61
944,Scott,Banks,sbanksq7@sogou.com,Cameroon,41.121.226.100
945,Linda,Murphy,lmurphyq8@amazon.com,Ukraine,111.49.246.71
946,Pamela,Miller,pmillerq9@census.gov,Philippines,70.104.47.111
947,Paula,Cox,pcoxqa@google.nl,Mauritius,88.83.158.65
948,Peter,Torres,ptorresqb@is.gd,Portugal,59.146.9.15
949,Brenda,Holmes,bholmesqc@163.com,China,141.51.192.8
950,Tina,Warren,twarrenqd@cnbc.com,Indonesia,144.202.175.91
951,Julie,Alvarez,jalvarezqe@phpbb.com,Japan,105.252.54.75
952,Nicole,Schmidt,nschmidtqf@hao123.com,Russia,253.164.64.53
953,Alice,Mendoza,amendozaqg@marketwatch.com,Guatemala,173.86.215.35
954,Gregory,Weaver,gweaverqh@huffingtonpost.com,Sweden,122.158.219.89
955,Philip,Hamilton,phamiltonqi@technorati.com,China,178.172.201.91
956,Lisa,Cox,lcoxqj@bloomberg.com,Sweden,19.53.101.243
957,Mary,Ryan,mryanqk@time.com,Indonesia,218.213.145.86
958,Louis,Castillo,lcastilloql@cbc.ca,Colombia,137.147.53.224
959,Jason,Alvarez,jalvarezqm@dmoz.org,Albania,26.107.33.103
960,Kenneth,Meyer,kmeyerqn@adobe.com,Finland,46.68.45.20
961,Jennifer,Russell,jrussellqo@mail.ru,Greece,101.217.33.132
962,Maria,Hayes,mhayesqp@omniture.com,Indonesia,6.170.185.66
963,Jesse,Barnes,jbarnesqq@sina.com.cn,Ukraine,225.232.73.61
964,Janice,Bell,jbellqr@ask.com,Mexico,188.236.56.191
965,Bonnie,Carroll,bcarrollqs@home.pl,Azerbaijan,106.169.13.247
966,Clarence,Burns,cburnsqt@bloglovin.com,Ireland,249.206.247.221
967,Shirley,Clark,sclarkqu@homestead.com,China,133.101.36.148
968,Charles,Wright,cwrightqv@ezinearticles.com,Sweden,217.181.112.70
969,Christina,Banks,cbanksqw@pinterest.com,China,212.52.78.99
970,Diane,Gomez,dgomezqx@hibu.com,China,33.3.42.21
971,Denise,Howell,dhowellqy@stanford.edu,France,30.207.167.62
972,Andrea,Boyd,aboydqz@msu.edu,Philippines,226.203.142.78
973,Howard,Bennett,hbennettr0@disqus.com,Brazil,166.31.100.6
974,Todd,Burton,tburtonr1@wikipedia.org,Kyrgyzstan,188.41.141.172
975,Mary,Hall,mhallr2@ask.com,Czech Republic,100.90.75.194
976,Chris,Elliott,celliottr3@wufoo.com,Greece,201.83.87.179
977,Norma,Arnold,narnoldr4@mail.ru,Estonia,255.130.192.97
978,Brandon,Fields,bfieldsr5@lycos.com,Portugal,119.141.179.194
979,Bruce,Kelley,bkelleyr6@cnn.com,Australia,59.6.24.247
980,Harold,Martinez,hmartinezr7@taobao.com,Philippines,247.42.0.25
981,Melissa,Henry,mhenryr8@home.pl,Indonesia,150.137.128.159
982,Nancy,Thomas,nthomasr9@multiply.com,Sweden,219.38.45.175
983,Jacqueline,Mills,jmillsra@google.fr,Iran,251.237.73.193
984,Thomas,Nelson,tnelsonrb@jimdo.com,Netherlands,242.48.207.196
985,Norma,Nichols,nnicholsrc@naver.com,China,64.213.85.130
986,Martin,Howard,mhowardrd@google.ca,Russia,131.208.189.198
987,Ryan,Murphy,rmurphyre@addtoany.com,China,133.134.84.35
988,Anthony,Bishop,abishoprf@merriam-webster.com,South Africa,39.207.50.134
989,Jesse,Hill,jhillrg@spiegel.de,Indonesia,167.43.180.176
990,Barbara,Myers,bmyersrh@storify.com,China,217.54.196.120
991,Walter,Harvey,wharveyri@adobe.com,Ukraine,161.209.6.179
992,Ruby,Garcia,rgarciarj@engadget.com,Russia,180.136.87.19
993,Joshua,Peterson,jpetersonrk@usa.gov,China,44.190.2.174
994,Thomas,Kelley,tkelleyrl@springer.com,Greece,251.224.30.175
995,William,Sanders,wsandersrm@admin.ch,Philippines,182.103.63.173
996,Walter,Webb,wwebbrn@sciencedirect.com,Azerbaijan,218.47.54.15
997,Carlos,Price,cpricero@xrea.com,France,128.2.86.148
998,Aaron,Ramirez,aramirezrp@dot.gov,Canada,39.230.109.185
999,Johnny,Medina,jmedinarq@163.com,Indonesia,103.217.20.5
1000,Martha,Ryan,mryanrr@ox.ac.uk,Philippines,173.112.238.130
